fecha,nombre,area,circuito,estructura,lat,long,observaciones,apoyoTipo,apoyoCantidad,configuracion,disposicion,altura,característicasPlaca,avifauna,avifaunaEquiposcrucetaSup,crucetaInf,bayonetaTipo,bayonetaObservaciones,templeteCant,templeteAvifauna,aisladorTipo,aisladorA,aisladorB,aisladorC,dpsA,dpsB,dpsC,seccionador,equiposAdicionalessptBajante,sptConexion,sptCantidad,sptEstado,medR,medP,fotoPath,,,,,
6/3/2025 14:07,,,,,,,,P,null,Retención,null,null,No,,null,,Sencilla,,null,null,Aislador,null,null,null,null,null,null,No,,null,null,null,null,,,,,,,
5/30/2025 11:54,,Jacana Sur,Jacana-Cabrestero ,P-40J,,,,P,1,Suspensión,14,null,No,,1,1,Sencilla,,null,null,Aislador,1,1,1,1,1,1,No,Dps,2,null,null,null,/storage/emulated/0/Download/RegistrosExportados/JPEG_20250530_115423_4358307262369930293.jpg,,,,,,
5/30/2025 11:47,,Jacana ,Jacana-Cabrestero ,P-41J,,,,P,1,Pullover,14,null,Sí,grapas ,null,,Doble,,3,null,Aislador,2,2,2,null,null,null,No,,2,null,null,null,/storage/emulated/0/Download/RegistrosExportados/JPEG_20250530_115354_6768894522785762928.jpg,,,,,,
5/30/2025 11:44,,Jacana Sur ,Jacana-Cabrestero ,P-42J,,,,P,null,Suspensión,14,null,No,,1,1,Sencilla,,null,null,Aislador,1,1,1,null,null,null,No,,2,null,null,null,/storage/emulated/0/Download/RegistrosExportados/JPEG_20250530_114746_5397720418114933307.jpg,,,,,,
5/30/2025 11:43,,Jacana Sur ,Jacana-Cabrestero ,P-43J,,,,P,1,Suspensión,14,null,No,,1,1,Sencilla,,null,null,Aislador,1,1,1,null,null,null,No,,2,null,null,null,/storage/emulated/0/Download/RegistrosExportados/JPEG_20250530_114426_1511436755114077724.jpg,,,,,,
5/30/2025 11:37,,Jacana Sur,Jacana-Cabrestero ,P-44J,,,,P,1,Pullover,14,null,Sí,Grapas y puentes ,null,,Doble,,5,5,Aislador,2,2,2,null,null,null,No,,2,null,null,null,/storage/emulated/0/Download/RegistrosExportados/JPEG_20250530_114259_5408699572861250376.jpg,,,,,,
5/30/2025 11:28,,Jacana ,Jacana-Cabrestero ,P-45J,,,,P,1,Pullover,14,null,Sí,Grapas y Puentes ,null,,Doble,,3,3,Aislador,2,2,2,null,null,null,No,,2,null,null,null,/storage/emulated/0/Download/RegistrosExportados/JPEG_20250530_113731_7709759810339159127.jpg,,,,,,
5/30/2025 11:24,,Jacana,Jacana-Cabrestero ,P-46J,,,,P,1,Pullover,14,null,Sí,Grapas y puentes ,null,,Doble,,3,3,Aislador,2,2,2,null,null,null,No,,2,null,null,null,/storage/emulated/0/Download/RegistrosExportados/JPEG_20250530_112831_3438441797989070321.jpg,,,,,,
5/30/2025 11:20,,Jacana ,Jacana-Cabrestero ,P-47J,4.3831619,-72.7334604,,P,1,Pullover,14,null,Sí,Grapas y puentes ,null,,Doble,,3,3,Aislador,2,2,2,null,null,null,No,,2,null,null,null,/storage/emulated/0/Download/RegistrosExportados/JPEG_20250530_112359_6341922374519582543.jpg,,,,,,
5/30/2025 11:17,,Jacana ,Jacana-Cabrestero ,P-48J,4.3831619,-72.7334604,,P,1,Pullover,14,null,Sí,Grapas y puentes ,null,,Doble,,2,null,Aislador,2,2,2,null,null,null,No,Linepost ,2,null,null,null,/storage/emulated/0/Download/RegistrosExportados/JPEG_20250530_111955_4235251424516012263.jpg,,,,,,
5/30/2025 11:13,,Jacana ,Jacana-Cabrestero ,P-49J,,,,P,1,Suspensión,14,null,Sí,Dps,1,1,Sencilla,,null,null,Aislador,1,1,1,1,1,1,No,Dps,2,null,null,null,/storage/emulated/0/Download/RegistrosExportados/JPEG_20250530_111652_1987820120212464150.jpg,,,,,,
5/30/2025 11:09,,Jacana ,Jacana-Cabrestero ,P-50J,,,,P,1,Suspensión,14,null,No,,1,1,Sencilla,,null,null,Aislador,1,1,1,null,null,null,No,,2,null,null,null,/storage/emulated/0/Download/RegistrosExportados/JPEG_20250530_111303_4881503745135360132.jpg,,,,,,
5/30/2025 11:07,,Jacana ,Jacana-Cabrestero ,P-51J,4.3831619,-72.7334604,,P,1,Suspensión,14,null,No,,1,1,Sencilla,,null,null,Aislador,1,1,1,null,null,null,No,,2,null,null,null,/storage/emulated/0/Download/RegistrosExportados/JPEG_20250530_110939_402546036774440462.jpg,,,,,,
5/30/2025 11:01,,Jacana ,Jacana-Cabrestero ,P-53J,,,,P,1,Suspensión,14,null,No,,1,1,Sencilla,,null,null,Aislador,1,1,1,null,null,null,No,,2,null,null,null,/storage/emulated/0/Download/RegistrosExportados/JPEG_20250530_110632_7449305831462535139.jpg,,,,,,
5/30/2025 10:58,,Jacana ,Jacana -Cabrestero ,P-53J,,,,P,1,Retención,14,null,Sí,Grapas y dps,1,1,Doble,,2,null,Aislador,2,2,2,1,1,1,No,Dps,2,null,null,null,/storage/emulated/0/Download/RegistrosExportados/JPEG_20250530_110111_2725969319818750768.jpg,,,,,,
5/30/2025 10:53,,Jacana ,Jacana - Cabrestero ,P-54J,4.3861946,-72.7257862,,P,1,Suspensión,14,null,No,,1,1,Sencilla,,null,null,Aislador,1,1,1,null,null,null,No,,2,null,null,null,/storage/emulated/0/Download/RegistrosExportados/JPEG_20250530_105759_9125191197519681527.jpg,,,,,,
5/30/2025 10:50,,Jacana ,Jacana -Cabrestero ,P-55J,,,,P,1,Suspensión,14,null,No,,1,1,Sencilla,,null,null,Aislador,1,1,1,null,null,null,No,,2,null,null,null,/storage/emulated/0/Download/RegistrosExportados/JPEG_20250530_105327_6606504296304692754.jpg,,,,,,
5/30/2025 10:47,,Jacana ,Jacana -Cabrestero ,P-56J,,,,P,1,Suspensión,14,null,No,,1,1,Sencilla,,null,null,Aislador,1,1,1,null,null,null,No,,2,null,null,null,/storage/emulated/0/Download/RegistrosExportados/JPEG_20250530_104955_7870255192736822209.jpg,,,,,,
5/30/2025 10:43,,Jacana ,Jacana - Cabrestero ,P-57J,4.3861946,-72.7257862,,P,1,Suspensión,14,null,No,,1,1,Sencilla,,null,null,Aislador,1,1,1,1,1,1,No,dps ,2,null,null,null,/storage/emulated/0/Download/RegistrosExportados/JPEG_20250530_104631_5304236937896407442.jpg,,,,,,
5/30/2025 10:40,,Jacana,Jacana - Cabrestero ,P-58J,4.3861946,-72.7257862,,P,1,Retención,14,null,Sí,Grapas, puentes y templetes ,1,1,Doble,,3,3,Aislador,2,2,2,null,null,null,No,,2,null,null,null,/storage/emulated/0/Download/RegistrosExportados/JPEG_20250530_104329_8694312126480937026.jpg,,,,,
5/30/2025 10:36,,Jacana ,Jacana -Cabrestero ,P-59J,,,,P,1,Pullover,14,null,Sí,Grapas ,null,,Doble,,3,3,Aislador,2,2,2,null,null,null,No,,2,null,null,null,/storage/emulated/0/Download/RegistrosExportados/JPEG_20250530_104016_8895206091139650022.jpg,,,,,,
5/30/2025 10:34,,Jacana ,Jacana - Cabrestero ,P-60J,,,,P,1,Retención,14,null,Sí,Grapas ,1,1,Doble,,3,null,Aislador,null,null,null,null,null,null,No,,2,null,null,null,/storage/emulated/0/Download/RegistrosExportados/JPEG_20250530_103604_8003268144872505100.jpg,,,,,,
5/30/2025 10:30,,Jacana ,Jacana-Cabrestero ,P-61J,,,,P,null,Suspensión,14,null,No,,null,,Sencilla,,null,null,Aislador,1,1,1,1,1,1,No,dps,2,null,null,null,/storage/emulated/0/Download/RegistrosExportados/JPEG_20250530_103357_841539960938071083.jpg,,,,,,
5/30/2025 10:26,,Jacana ,Jacana- Cabrestero ,P-62J,,,,P,1,Suspensión,14,null,No,,1,1,Sencilla,,null,null,Aislador,1,1,1,null,null,null,No,,2,null,null,null,/storage/emulated/0/Download/RegistrosExportados/JPEG_20250530_103022_4764885359222004127.jpg,,,,,,
5/30/2025 10:22,,Jacana ,Jacana - Cabrestero ,P-63,,,,P,1,Suspensión,14,null,No,,1,1,Sencilla,,null,null,Aislador,1,1,1,null,null,null,No,,2,null,null,null,/storage/emulated/0/Download/RegistrosExportados/JPEG_20250530_102619_1970959922804728940.jpg,,,,,,
5/30/2025 10:20,,Jacana ,Jacana -  Cabrestero ,P-64J,,,,P,1,Pullover,14,null,No,Grapas ,null,,Sencilla,,2,2,Aislador,2,2,2,null,null,null,No,,2,null,null,null,/storage/emulated/0/Download/RegistrosExportados/JPEG_20250530_102227_3465360806550027865.jpg,,,,,,
5/30/2025 10:15,,Jacana ,Jacana - Cabrestero ,P-65J,4.3861946,-72.7257862,,P,1,Retención,14,null,Sí,Grapas ,1,1,Doble,,2,null,Aislador,null,null,null,1,1,1,No,,2,null,null,null,/storage/emulated/0/Download/RegistrosExportados/JPEG_20250530_102032_4383192404516443137.jpg,,,,,,
5/30/2025 10:12,,Jacana ,Jacana -Cabrestero ,P-66J,,,,P,1,Suspensión,14,null,No,,1,1,Sencilla,,null,null,Aislador,1,1,1,null,null,null,No,,2,null,null,null,/storage/emulated/0/Download/RegistrosExportados/JPEG_20250530_101445_796414218128635733.jpg,,,,,,
5/30/2025 10:09,,Jacana ,Jacana -Cabrestero ,P-67J,4.3861946,-72.7257862,,P,1,Retención,14,null,Sí,Grapas ,1,1,Doble,,2,null,Aislador,null,null,null,null,null,null,No,,2,null,null,null,/storage/emulated/0/Download/RegistrosExportados/JPEG_20250530_101245_8814726797058069079.jpg,,,,,,
5/30/2025 9:58,,Jacana ,Jacana - Cabrestero ,P-68J,,,Estructura terminal horizontal con seccionadores monopolares, premoldeados y dps para red subterránea del cruce de vía y cambio de costado del circuito ,P,1,Otro,14,null,Sí,Grapas, seccionadores monopolares Y dps,1,2,Doble,,1,1,Aislador,1,1,1,1,1,1,No,Seccionadores monopolares, premoldeados y dps ,2,null,null,null,/storage/emulated/0/Download/RegistrosExportados/JPEG_20250530_100908_5693228828545425170.jpg,,,
5/30/2025 9:51,,Jacana ,Jacana - Cabrestero ,P-69J,,,Estructura terminal horizontal con seccionadores monopolares, dps y premoldeados para subterranizar y cruce de vía y cambio de costado del circuito ,P,1,Otro,14,null,Sí,Grapas y dps ,1,2,Doble,,1,1,Aislador,1,1,1,1,1,1,Sí,Seccionadores monopolares, pds y premoldeados ,2,null,null,null,/storage/emulated/0/Download/RegistrosExportados/JPEG_20250530_095843_4049925259503447523.jpg,,,,
5/30/2025 9:48,,Jacana ,Jacana - Cabrestero ,P-70J,,,,P,1,Suspensión,14,null,No,,null,,Sencilla,,null,null,Aislador,1,1,1,null,null,null,No,,2,null,null,null,/storage/emulated/0/Download/RegistrosExportados/JPEG_20250530_095051_5855229896304801808.jpg,,,,,,
5/30/2025 9:43,,Jacana ,Jacana - Cabrestero ,P-71J,4.3861946,-72.7257862,,P,1,Suspensión,14,null,No,,1,1,Sencilla,,null,null,Aislador,1,1,1,null,null,null,No,,null,null,null,null,/storage/emulated/0/Download/RegistrosExportados/JPEG_20250530_094833_8351308014772966320.jpg,,,,,,
5/30/2025 9:39,,Jacana ,Jacana -Cabrestero,P-72J,4.3861946,-72.7257862,,P,1,Pullover,14,null,Sí,Grapas ,null,,Doble,,2,null,Aislador,null,null,null,null,null,null,No,,2,null,null,null,/storage/emulated/0/Download/RegistrosExportados/JPEG_20250530_094255_3667893897656487740.jpg,,,,,,
5/30/2025 9:37,,Jacana ,Jacana - Cabrestero ,P-73J,4.38834,-72.7247952,,P,1,Pullover,14,1350,Sí,grapas ,null,,Doble,,1,null,Aislador,null,null,null,null,null,null,No,,2,null,null,null,/storage/emulated/0/Download/RegistrosExportados/JPEG_20250530_093903_8636109426622706188.jpg,,,,,,
5/30/2025 9:33,,Jacana ,Jacana - Cabrestero ,P-74J,4.38834,-72.7247952,,P,1,Pullover,14,1350,Sí,Grapas ,null,,Doble,,1,null,Aislador,null,null,null,null,null,null,No,,2,null,null,null,/storage/emulated/0/Download/RegistrosExportados/JPEG_20250530_093632_1747765125046565549.jpg,,,,,,
5/30/2025 9:28,,Jacana ,Jacana - Cabrestero ,P-75J,4.38834,-72.7247952,,P,1,Pullover,14,null,Sí,Grapas ,null,,Doble,,2,2,Aislador,null,null,null,null,null,null,No,,2,null,null,null,/storage/emulated/0/Download/RegistrosExportados/JPEG_20250530_093252_861121110609543291.jpg,,,,,,
5/30/2025 9:21,,Jacana ,jacana - Cabrestero ,P-76J,4.38834,-72.7247952,,P,1,Suspensión,14,null,No,,1,1,Sencilla,,null,null,Aislador,null,null,null,1,1,1,No,dps,2,null,null,null,/storage/emulated/0/Download/RegistrosExportados/JPEG_20250530_092823_6161720912084311606.jpg,,,,,,
5/30/2025 9:11,,Jacana ,Jacana - Cabrestero,P-77J,,,,P,1,Pullover,14,null,Sí,Grapas ,null,,Doble,,3,3,Aislador,null,null,null,null,null,null,No,,2,null,null,null,/storage/emulated/0/Download/RegistrosExportados/JPEG_20250530_092050_5236020208784346217.jpg,,,,,,
5/30/2025 9:07,,Jacana ,Jacana - Cabrestero ,P-78J,4.387994,-72.7238966,Retención canadiense ,P,1,Retención,14,null,No,,1,1,Doble,,2,2,Aislador,null,null,null,null,null,null,No,,2,null,null,null,/storage/emulated/0/Download/RegistrosExportados/JPEG_20250530_091106_1058209569030770063.jpg,,,,,,
5/30/2025 9:02,,Jacana ,Jacana - Cabrestero ,P-79J,4.387994,-72.7238966,,P,1,Pullover,14,1050,Sí,Grapas ,null,,Doble,,2,null,Aislador,null,null,null,null,null,null,No,,2,null,null,null,/storage/emulated/0/Download/RegistrosExportados/JPEG_20250530_090715_3472237269360114154.jpg,,,,,,
5/30/2025 8:53,,Jacana ,Jacana - Cabrestero ,P-80J,4.3882569,-72.7237225,,P,1,Pullover,14,1050,Sí,Grapas,null,,Doble,,1,null,Aislador,null,null,null,null,null,null,No,,2,null,null,null,/storage/emulated/0/Download/RegistrosExportados/JPEG_20250530_090134_239045538564425755.jpg,,,,,,
5/30/2025 8:49,,Jacana,Jacana - Cabrestero,P-81J,4.3882569,-72.7237225,Estructura pullover para conexión con pórtico Jacana 2,P,1,Pullover,14,1050,Sí,Grapas ,null,,Doble,,2,2,Aislador,null,null,null,null,null,null,No,,2,null,null,null,/storage/emulated/0/Download/RegistrosExportados/JPEG_20250530_085332_7038109092262993531.jpg,,,,,,
5/29/2025 16:41,,,,,,,,P,null,Retención,null,null,No,,null,,Sencilla,,null,null,Aislador,null,null,null,null,null,null,No,,null,null,null,null,,,,,,,
5/29/2025 16:37,,R4,Bacano -R4 ,P-014,4.3476984,-72.7335938,Estructura en retención sobre una cruceta ,P,1,Retención,14,null,Sí,Grapas ,1,,Doble,,2,2,Cadenas de aisladores,null,null,null,null,null,null,No,linepost ,2,null,null,null,/storage/emulated/0/Download/RegistrosExportados/JPEG_20250529_164010_5887150716265386482.jpg,,,,,,
5/29/2025 16:36,,R4,Bacano -R4 ,P-015,,,Estructura en retención sobre una ,P,1,Retención,14,null,Sí,Grapas ,1,,Doble,,1,null,Cadenas de aisladores,null,null,null,null,null,null,No,Linepost ,2,null,null,null,/storage/emulated/0/Download/RegistrosExportados/JPEG_20250529_163727_1619505458405183477.jpg,,,,,,
5/29/2025 16:28,,R4,Bacano -R4 ,P-016,,,Estructura en retención en una cruceta con 1 dps en la fase de la mitad ,P,1,Retención,14,null,Sí,Grapas y dps ,1,,Doble,,1,1,Cadenas de aisladores,null,null,null,0,1,0,No,linepost ,2,null,null,null,/storage/emulated/0/Download/RegistrosExportados/JPEG_20250529_163558_2049692588326045388.jpg,,,,,,
5/29/2025 16:25,,R4,Bacano -R4 ,P-017,,,Estructura en retención sobre una cruceta con 2 dps,P,1,Retención,14,1050,Sí,dps,1,,Doble,,1,1,Cadenas de aisladores,null,null,null,1,0,1,No,linepost ,2,null,null,null,/storage/emulated/0/Download/RegistrosExportados/JPEG_20250529_162833_4227343777529179202.jpg,,,,,,
5/29/2025 16:22,,R4,Bacano -R4 ,P-018,,,Estructura en retención sobre una cruceta, Linepost en la parte superior del poste sin uso evidente ,P,1,Retención,null,null,Sí,Grapas y linepost ,1,,Doble,,null,null,Cadenas de aisladores,null,null,null,null,null,null,No,linepost ,2,null,null,null,/storage/emulated/0/Download/RegistrosExportados/JPEG_20250529_162512_8275982570962387837.jpg,,,,,
5/29/2025 16:17,,R4,Bacano -R4 ,P-019,,,Estructura en retención sobre una cruceta ,P,1,Retención,null,null,Sí,Grapas ,1,,Doble,,2,2,Cadenas de aisladores,null,null,null,null,null,null,No,Linepost ,2,null,null,null,/storage/emulated/0/Download/RegistrosExportados/JPEG_20250529_162236_4550041045624163794.jpg,,,,,,
5/29/2025 16:07,,R4,Bacano -R4 ,P-020,4.3476984,-72.7335938,Estructura en retención con doble configuración, por un costado (bacano) es triangular y por el otro costado (R4) es horizontal sobre una cruceta, se encuentran dos templetes rotos,P,1,Retención,14,null,No,Grapas y puentes ,1,1,Doble,,1,1,Cadenas de aisladores,null,null,null,null,null,null,No,linepost ,2,null,null,null,/storage/emulated/0/Download/RegistrosExportados/JPEG_20250529_161711_4558120299050103127.jpg,,,,
5/29/2025 16:02,,Ponyo ,Ponyo-R4 ,P-022,4.3476984,-72.7335938,,P,1,Retención,null,1050,Sí,Grapas y linepost ,1,,Doble,,3,null,Cadenas de aisladores,null,null,null,null,null,null,No,Linepost ,2,null,null,null,/storage/emulated/0/Download/RegistrosExportados/JPEG_20250529_160534_1102352782827823308.jpg,,,,,,
5/29/2025 16:00,,Ponyo ,Ponyo-R4 ,P-023,4.3476984,-72.7335938,,P,1,Suspensión,null,null,No,,1,1,Sencilla,,null,null,Cadenas de aisladores,1,1,1,null,null,null,No,,2,null,null,null,/storage/emulated/0/Download/RegistrosExportados/JPEG_20250529_160247_5688822466290044155.jpg,,,,,,
5/29/2025 15:54,,Ponyo ,Ponyo-R4 ,P-024,4.3476984,-72.7335938,,P,1,Retención,null,null,Sí,grapas y linepost ,1,,Doble,,null,null,Cadenas de aisladores,null,null,null,null,null,null,No,linepost ,2,null,null,null,/storage/emulated/0/Download/RegistrosExportados/JPEG_20250529_155945_5750798126436414204.jpg,,,,,,
5/29/2025 15:51,,Ponyo ,Ponyo-R4 ,P-025,4.3476984,-72.7335938,,P,1,Retención,null,null,Sí,grapas y linepost ,1,,Doble,,2,2,Aislador,null,null,null,null,null,null,No,linepost ,2,null,null,null,/storage/emulated/0/Download/RegistrosExportados/JPEG_20250529_155401_6171628270837626978.jpg,,,,,,
5/29/2025 15:48,,Ponyo ,Ponyo-R4 ,P-026,4.3476984,-72.7335938,,P,1,Retención,null,null,Sí,grapas y linepost ,1,,Doble,,2,2,Cadenas de aisladores,null,null,null,null,null,null,No,linepost ,2,null,null,null,/storage/emulated/0/Download/RegistrosExportados/JPEG_20250529_155112_4668518951599019856.jpg,,,,,,
5/29/2025 15:42,,Ponyo ,Ponyo-R4 ,P-027,,,,P,1,Retención,null,null,Sí,grapas, linepost y dps ,1,,Doble,,3,3,Cadenas de aisladores,null,null,null,1,1,1,No,linepost y dps ,2,null,null,null,/storage/emulated/0/Download/RegistrosExportados/JPEG_20250529_154511_1319810840231117559.jpg,,,,,
5/29/2025 15:38,,Ponyo ,Ponyo-R4 ,P-028,,,,P,1,Retención,null,null,Sí,linepost ,1,,Sencilla,,1,1,Cadenas de aisladores,null,null,null,null,null,null,No,linepost ,2,null,null,null,/storage/emulated/0/Download/RegistrosExportados/JPEG_20250529_154150_3324731206207674406.jpg,,,,,,
5/29/2025 15:32,,Ponyo ,Ponyo-R4 ,P-029,,,Retención ,P,1,Retención,null,null,Sí,Grapas y linepost ,1,,Doble,,3,3,Cadenas de aisladores,null,null,null,null,null,null,No,linepost ,2,null,null,null,/storage/emulated/0/Download/RegistrosExportados/JPEG_20250529_153801_92186076063431248.jpg,,,,,,
5/29/2025 15:26,,Ponyo ,Ponyo-R4 ,P-030,4.3476984,-72.7335938,Estructura en retención con derivación para cambio de ángulo, cadenas de aisladores externas de 6 discos ,P,1,Retención,16,1350,Sí,Grapas ,null,1,Doble,,2,2,Cadenas de aisladores,null,null,null,null,null,null,No,linepost ,2,null,null,null,/storage/emulated/0/Download/RegistrosExportados/JPEG_20250529_153231_3145544223420824724.jpg,,,,,
5/29/2025 15:22,,Ponyo,Ponyo-R4 ,P-031,4.3476984,-72.7335938,Estructura en retención con cadena de aisladores de 8 discos en fase de la mitad ,P,1,Retención,14,null,No,grapas ,1,,Doble,,2,2,Cadenas de aisladores,null,null,null,null,null,null,No,,2,null,null,null,/storage/emulated/0/Download/RegistrosExportados/JPEG_20250529_152622_2367665984100954164.jpg,,,,,,
5/29/2025 15:19,,Ponyo ,Ponyo-R4 ,P-032,4.3476984,-72.7335938,,P,1,Suspensión,14,null,No,,1,1,Sencilla,,null,null,Cadenas de aisladores,1,1,1,null,null,null,No,,2,null,null,null,/storage/emulated/0/Download/RegistrosExportados/JPEG_20250529_152125_6225871199875326994.jpg,,,,,,
5/29/2025 15:14,,Ponyo ,Ponyo-R4 ,P-033,4.3476984,-72.7335938,Estructura en retención con cadena de aisladores de 8 discos en la fase de la mitad ,P,1,Retención,14,null,Sí,Grapas y dps ,1,,Doble,,2,2,Cadenas de aisladores,null,null,null,1,1,1,No,3 dps,2,null,null,null,/storage/emulated/0/Download/RegistrosExportados/JPEG_20250529_151852_8322066987814955636.jpg,,,,,,
5/29/2025 15:10,,Ponyo ,Ponyo-R4 ,P-034,4.3476984,-72.7335938,,P,1,Suspensión,14,1050,No,,1,1,Sencilla,,null,null,Cadenas de aisladores,1,1,1,null,null,null,No,,2,null,null,null,/storage/emulated/0/Download/RegistrosExportados/JPEG_20250529_151313_555379555086885976.jpg,,,,,,
5/29/2025 15:07,,Ponyo ,Ponyo-R4 ,P-035,4.3476984,-72.7335938,,P,1,Suspensión,14,1050,No,,1,1,Sencilla,,null,null,Aislador,1,1,1,null,null,null,No,,2,null,null,null,/storage/emulated/0/Download/RegistrosExportados/JPEG_20250529_150958_4995483252540070945.jpg,,,,,,
5/29/2025 15:01,,R4,Ponyo-R4 ,P-036,4.3476984,-72.7335938,Estructura en retención con cadena de aisladores de 8 discos en la fase de la mitad ,P,1,Retención,14,1050,Sí,Grapas ,1,,Doble,,2,2,Cadenas de aisladores,null,null,null,null,null,null,No,linepost ,2,null,null,null,/storage/emulated/0/Download/RegistrosExportados/JPEG_20250529_150700_4753569827215432871.jpg,,,,,,
5/29/2025 14:55,,Ponyo ,Ponyo-R4 ,P-037,4.3476984,-72.7335938,Estructura en retención con derivación para cambio de ángulo, 1 dps de la mitad ,,,,,,,,,,,,,,,,,,,,,,,,,,,,,,,,
,P,1,Retención,16,1350,Sí,grapas y templetes ,1,1,Doble,,3,3,Cadenas de aisladores,null,null,null,0,1,0,No,linepost y 1 dps ,2,null,null,null,/storage/emulated/0/Download/RegistrosExportados/JPEG_20250529_150143_7445427825552574936.jpg,,,,,,,,,,,,,
5/29/2025 14:50,,Ponyo ,Ponyo-R4 ,P-038,4.3476984,-72.7335938,Estructura en retención con cadena de aisladores de 8 discos en fase de la mitad y 2 dps en fases externas ,P,1,Retención,16,1050,Sí,Grapas y dps,1,,Doble,,2,2,Cadenas de aisladores,null,null,null,1,0,1,No,linepost ,2,null,null,null,/storage/emulated/0/Download/RegistrosExportados/JPEG_20250529_145433_5558482283258642060.jpg,,,,,,
5/29/2025 14:47,,Ponyo ,Ponyo-R4 ,P-039,4.3476984,-72.7335938,Estructura de paso con cruceta superior con cadena de aisladores en suspensión sin uso evidente ,P,1,Otro,14,1050,Sí,Aisladores ,1,1,Sencilla,,null,null,Pin,1,1,1,null,null,null,No,cadena de aisladores en suspensión sin uso evidente ,2,null,null,null,/storage/emulated/0/Download/RegistrosExportados/JPEG_20250529_145021_6184141875368580535.jpg,,,,,,
5/29/2025 14:43,,Ponyo ,Ponyo-R4 ,P-040,4.3476984,-72.7335938,Estructura de paso con cruceta superior con cadena de aisladores en suspensión sin uso evidente ,P,1,Otro,14,null,Sí,Aisladores ,1,1,Sencilla,,null,null,Pin,1,1,1,null,null,null,No,cadena de aisladores en suspensión sin uso evidente ,2,null,null,null,/storage/emulated/0/Download/RegistrosExportados/JPEG_20250529_144743_3622816633804010688.jpg,,,,,,
5/29/2025 14:41,,Ponyo ,Ponyo-R4 ,P-041,4.3476984,-72.7335938,Estructura de paso con cruceta superior con cadena de aisladores en suspensión sin uso evidente y 1 dps para la fase de la mitad ,P,1,Otro,14,1050,Sí,Aisladores y dps ,1,1,Sencilla,,null,null,Pin,1,1,1,0,1,0,No,cadena de aisladores en suspensión sin uso evidente y 1 dps ,2,null,null,null,/storage/emulated/0/Download/RegistrosExportados/JPEG_20250529_144331_3450000803746010005.jpg,,,,,,
5/29/2025 14:35,,Ponyo ,Ponyo-R4 ,P-042,,,,P,1,Retención,14,null,Sí,Grapas y templetes,1,,Doble,,3,3,Cadenas de aisladores,null,null,null,1,0,1,No,2 dps y linepost ,2,null,null,null,/storage/emulated/0/Download/RegistrosExportados/JPEG_20250529_144107_7264488766267989405.jpg,,,,,,
5/29/2025 14:31,,Ponyo ,Ponyo-R4 ,P-043,4.3476984,-72.7335938,Estructura de paso con cruceta superior con cadena de aisladores en suspensión sin uso evidente ,P,1,Otro,14,1050,Sí,Aisladores ,1,1,Sencilla,,null,null,Pin,1,1,1,null,null,null,No,cadena de aisladores en suspensión sin uso evidente ,2,null,null,null,/storage/emulated/0/Download/RegistrosExportados/JPEG_20250529_143516_1989869781990899385.jpg,,,,,,
5/29/2025 14:27,,Ponyo ,Ponyo-R4 ,P-044,4.3476984,-72.7335938,Estructura de paso con cruceta superior con cadena de aisladores en suspensión sin uso evidente y 1 dps en fase de la mitad ,P,1,Otro,14,1050,Sí,Aisladores ,1,,Sencilla,,null,null,Aislador,1,1,1,0,1,0,No,cadena de aisladores en suspensión sin uso evidente ,2,null,null,null,/storage/emulated/0/Download/RegistrosExportados/JPEG_20250529_143100_2828500916098751842.jpg,,,,,,
5/29/2025 14:22,,Ponyo ,Ponyo-R4 ,P-045,4.3476984,-72.7335938,Estructura retención con cadena de aisladores de 8 discos en fase de la mitad y 2 dps en fases externas ,P,1,Retención,14,null,Sí,Grapas ,1,,Doble,,3,3,Cadenas de aisladores,null,null,null,1,0,1,No,2 dps y linepost ,2,null,null,null,/storage/emulated/0/Download/RegistrosExportados/JPEG_20250529_142640_3569643057688721960.jpg,,,,,,
5/29/2025 14:19,,Ponyo ,Ponyo-R4 ,P-046,4.3476984,-72.7335938,Estructura de paso con cruceta superior con cadena de aisladores en suspensión sin uso evidente ,P,1,Otro,14,1050,Sí,Aisladores ,1,1,Sencilla,,null,null,Pin,1,1,1,null,null,null,No,Cadena de aisladores en suspensión sin uso evidente ,2,null,null,null,/storage/emulated/0/Download/RegistrosExportados/JPEG_20250529_142245_3392926549090818085.jpg,,,,,,
5/29/2025 14:14,,Ponyo ,Ponyo -R4 ,P-947,4.3476984,-72.7335938,Estructura de paso con cruceta superior con cadena de aisladores en suspensión sin uso evidente ,P,1,Otro,14,null,Sí,Aisladores ,1,1,Sencilla,,null,null,Pin,1,1,1,null,null,null,Sí,cadena de aisladores en suspensión sin uso evidente ,2,null,null,null,/storage/emulated/0/Download/RegistrosExportados/JPEG_20250529_141923_2847975976524967997.jpg,,,,,,
5/29/2025 14:09,,Ponyo ,Ponyo-R4 ,P-048,4.3476984,-72.7335938,Estructura de paso con cruceta superior con cadena de aisladores sin uso evidente ,P,1,Otro,14,1050,Sí,Aisladores ,1,1,Sencilla,,null,null,Pin,1,1,1,null,null,null,No,Cadena de aisladores sin uso evidente ,2,null,null,null,/storage/emulated/0/Download/RegistrosExportados/JPEG_20250529_141356_7845289115660867384.jpg,,,,,,
5/29/2025 14:06,,Ponyo ,Ponyo-R4 ,P-049,4.3476984,-72.7335938,Estructura en retención usada como paso, con 2 dps,P,1,Retención,14,1050,Sí,Grapas ,1,,Doble,,1,1,Cadenas de aisladores,null,null,null,1,0,1,No,linepost y 2 dps ,2,null,null,null,/storage/emulated/0/Download/RegistrosExportados/JPEG_20250529_140847_3376746353878817317.jpg,,,,,
5/29/2025 14:02,,Ponyo ,Ponyo-R4 ,P-050,4.3476984,-72.7335938,,P,1,Retención,14,1050,Sí,Grapas ,1,,Doble,,1,1,Cadenas de aisladores,null,null,null,null,null,null,No,linepost ,2,null,null,null,/storage/emulated/0/Download/RegistrosExportados/JPEG_20250529_140423_3866846708211845347.jpg,,,,,,
5/29/2025 13:59,,Ponyo ,Ponyo-R4 ,P-051,4.3476984,-72.7335938,Estructura en retención usada como de paso ,P,1,Retención,14,null,Sí,Grapas ,1,,Doble,,null,null,Cadenas de aisladores,null,null,null,null,null,null,No,linepost ,2,null,null,null,/storage/emulated/0/Download/RegistrosExportados/JPEG_20250529_140207_2599217621221603712.jpg,,,,,,
5/29/2025 13:56,,Ponyo ,Ponyo-R4 ,P-052,4.3476984,-72.7335938,Estructura en retención ,P,1,Retención,14,null,Sí,Grapas y dps ,1,,Doble,,null,null,Cadenas de aisladores,null,null,null,1,0,1,No,2 dps y linepost ,2,null,null,null,/storage/emulated/0/Download/RegistrosExportados/JPEG_20250529_135923_6799626718709450806.jpg,,,,,,
5/29/2025 13:51,,Ponyo ,Ponyo-R4 ,P-053,4.3476984,-72.7335938,Estructura en retención con Cadena de aisladores de 7 discos únicamente en un costado del circuito de la mitad para mantener espacio al dps,P,1,Retención,14,1050,Sí,Grapas ,1,,Doble,,1,null,Cadenas de aisladores,null,null,null,0,1,0,No,linepost ,2,null,null,null,/storage/emulated/0/Download/RegistrosExportados/JPEG_20250529_135603_7718619326095945896.jpg,,,,,,
5/29/2025 13:47,,Ponyo ,Ponyo-R4 ,P-054,4.3476984,-72.7335938,,P,1,Otro,14,null,Sí,Aisladores ,1,,Sencilla,,null,null,Pin,1,1,1,null,null,null,No,,null,null,null,null,/storage/emulated/0/Download/RegistrosExportados/JPEG_20250529_135118_4966104742045652412.jpg,,,,,,
5/29/2025 13:41,,Ponyo ,Ponyo-R4 ,P-055,4.3476984,-72.7335938,,P,1,Otro,14,1050,Sí,Aisladores,1,,Sencilla,,null,null,Pin,1,1,1,null,null,null,No,,2,null,null,null,/storage/emulated/0/Download/RegistrosExportados/JPEG_20250529_134644_8673034791603158087.jpg,,,,,,
5/29/2025 13:36,,Ponyo ,Ponyo-R4 ,P-056,4.3476984,-72.7335938,Estructura en retención con derivación para cambio de ángulo ,P,1,Retención,14,1050,Sí,Grapas ,1,1,Doble,,2,2,Cadenas de aisladores,null,null,null,1,1,1,No,Dps y linepost ,2,null,null,null,/storage/emulated/0/Download/RegistrosExportados/JPEG_20250529_134103_8566367019606310245.jpg,,,,,,
5/29/2025 13:33,,Ponyo ,Ponyo-R4 ,P-057,4.3476984,-72.7335938,,P,1,Retención,14,1050,Sí,Grapas,1,,Doble,,2,2,Cadenas de aisladores,null,null,null,null,null,null,No,linepost ,1,null,null,null,/storage/emulated/0/Download/RegistrosExportados/JPEG_20250529_133647_6792041280144362013.jpg,,,,,,
5/29/2025 13:29,,Ponyo ,Ponyo -R4 ,P-058,4.3476984,-72.7335938,Estructura en derivación para cambio de ángulo, 2 niveles de crucetas ,P,1,Retención,14,null,Sí,Grapas ,null,,Doble,,2,2,Cadenas de aisladores,null,null,null,null,null,null,No,linepost ,2,null,null,null,/storage/emulated/0/Download/RegistrosExportados/JPEG_20250529_133254_4478233415385643357.jpg,,,,,
5/29/2025 13:22,,Ponyo ,Ponyo -R4 ,P-059,4.3476984,-72.7335938,Estructura de paso ,P,1,Otro,14,1050,Sí, Aisladores ,1,,Sencilla,,null,null,Aislador,1,1,1,null,null,null,No,,2,null,null,null,/storage/emulated/0/Download/RegistrosExportados/JPEG_20250529_132852_718152561367039341.jpg,,,,,,
5/29/2025 11:54,,Ponyo ,Ponyo - R4,P-40b,4.3476984,-72.7335938,Estructura P-40b es una estructura de tres postes con dos juegos de pt y 1 de ct, con reconectador Noja y dos juegos de seccionadores monopolares ,P,1,Otro,14,null,Sí,Grapas, crucetas y reconectador ,3,2,Doble,Bayoneta solo en el poste de la mitad ,1,1,Cadenas de aisladores,null,null,null,1,1,1,Sí,Pt, ct, reconectador, seccionadores monopolares, linepost ,3,null,null,null,/storage/emulated/0/Download/RegistrosExportados/JPEG_20250529_132202_136793534350056513.jpg
5/29/2025 11:46,,ponyo ,kitaro -ponyo ,P-41b,4.3476984,-72.7335938,Estructura en retención con cruceta inferior para seccionadores monopolares y subterranización,P,1,Retención,14,null,Sí,grapas ,1,1,Doble,,null,null,Cadenas de aisladores,null,null,null,null,null,null,Sí,linepost ,2,null,null,null,/storage/emulated/0/Download/RegistrosExportados/JPEG_20250529_115428_8028929747988986950.jpg,,,,,,
5/29/2025 11:39,,Ponyo ,Kitaro -ponyo ,P-39b,4.3476984,-72.7335938,Condiciones similares a la estructura 38b,P,1,Retención,14,1050,Sí,grapas y crucetas ,1,1,Doble,,2,2,Cadenas de aisladores,null,null,null,null,null,null,No,linepost ,2,null,null,null,/storage/emulated/0/Download/RegistrosExportados/JPEG_20250529_114353_5554892380199036354.jpg,,,,,,
5/29/2025 11:25,,Ponyo ,kitaro -ponyo ,p-38b,4.3476984,-72.7335938,Estructura en retención con derivación a dos niveles, cruceta superior con cadenas de aisladores que llevan el circuito kitaro -ponyo y el circuito inferior es alimentación de ponyo y está con aisladores de distribución de 8 campanas y doble linepost en los puentes y la cruceta en bandera,P,1,Retención,14,1050,Sí,Grapas ,1,1,Doble,,2,null,Cadenas de aisladores,null,null,null,null,null,null,No,linepost ,2,null,null,null,/storage/emulated/0/Download/RegistrosExportados/JPEG_20250529_113213_3489566892022621792.jpg,,,,,
5/29/2025 11:19,,Ponyo ,Ponyo 3,P- 44b,4.3476984,-72.7335938,Estructura indicada como Ponyo 3 _ Tagueada como P-44b. Estructura en derivación hacia pórtico Ponyo 2 ,P,1,Otro,14,1050,Sí,Grapas ,2,,Doble,Bayonetas cortas ,1,0,Cadenas de aisladores,null,null,null,null,null,null,No,linepost ,2,null,null,null,/storage/emulated/0/Download/RegistrosExportados/JPEG_20250529_112505_1066024139273866676.jpg,,,,,,
5/29/2025 11:12,,ponyo ,kitaro -ponyo ,P-43b,4.3480413,-72.7349726,Estructura indicada como Ponyo 2 - Tagueada como P-43b. Estructura de paso con 1 dps ,P,1,Otro,14,750,Sí,Aisladores ,1,,Sencilla,,null,null,Aislador,1,1,1,0,1,0,No,1 dps,2,null,null,null,/storage/emulated/0/Download/RegistrosExportados/JPEG_20250529_111841_6509353774060614180.jpg,,,,,,
5/29/2025 11:02,,ponyo,Ponyo 1 ,P-42b,4.3480413,-72.7349726,Estructura indicada como Ponyo 1 es la P-42b,P,1,Retención,14,1050,Sí,grapas y puentes,1,,Doble,,2,2,Cadenas de aisladores,null,null,null,1,0,1,No,2 dps,2,null,null,null,/storage/emulated/0/Download/RegistrosExportados/JPEG_20250529_111155_8499497625990600369.jpg,,,,,,
5/29/2025 10:55,,ponyo ,Kitaro- ponyo ,P-37b,4.344016,-72.724239,Estructura con tres niveles de crucetas para derivación a Ponyo 1, 2 y 3 y otro para continuar a R4,P,1,Retención,14,1350,Sí,grapas ,2,1,Doble,,2,2,Cadenas de aisladores,null,null,null,null,null,null,No,linepost ,2,null,null,null,/storage/emulated/0/Download/RegistrosExportados/JPEG_20250529_110138_1520293310393144995.jpg,,,,,
5/29/2025 10:51,,ponyo ,kitaro -ponyo ,P-36b,4.344016,-72.724239,,P,1,Retención,12,1050,Sí,Grapas ,1,,Doble,,2,2,Cadenas de aisladores,null,null,null,null,null,null,No,linepost ,2,null,null,null,/storage/emulated/0/Download/RegistrosExportados/JPEG_20250529_105511_4739705838980265817.jpg,,,,,,
5/29/2025 10:47,,ponyo ,kitaro -ponyo ,P-35b,4.344016,-72.724239,,P,1,Otro,12,510,Sí,Aisladores ,1,,Sencilla,,null,null,Pin,1,1,1,null,null,null,No,,2,null,null,null,/storage/emulated/0/Download/RegistrosExportados/JPEG_20250529_105102_2441226171790178111.jpg,,,,,,
5/29/2025 10:43,,ponyo ,kitaro -ponyo ,P-34b,4.344016,-72.724239,Estructura de paso con 1 dps en fase de la mitad ,P,1,Otro,12,510,Sí,Aisladores ,1,,Sencilla,,null,null,Pin,1,1,1,0,1,0,No,1 dps,2,null,null,null,/storage/emulated/0/Download/RegistrosExportados/JPEG_20250529_104720_1132207361445915588.jpg,,,,,,
5/29/2025 10:39,,ponyo ,kitaro -ponyo ,P-33b,4.344016,-72.724239,Estructura de paso con cruceta superior para 2 dps ,P,1,Otro,12,510,Sí,Aisladores ,1,1,Sencilla,,null,null,Pin,1,1,1,1,0,1,No,2 dps,2,null,null,null,/storage/emulated/0/Download/RegistrosExportados/JPEG_20250529_104239_849312509971072331.jpg,,,,,,
5/29/2025 10:38,,ponyo ,kitaro -ponyo ,P-32b,4.344016,-72.724239,,P,1,Retención,12,1050,Sí,grapas ,1,,Doble,,1,1,Aislador,null,null,null,null,null,null,No,linepost ,2,null,null,null,/storage/emulated/0/Download/RegistrosExportados/JPEG_20250529_103933_5682650873446170000.jpg,,,,,,
5/29/2025 10:34,,ponyo ,kitaro -ponyo ,P-31b,4.344016,-72.724239,,P,1,Retención,14,1350,Sí,grapas ,1,,Doble,,1,null,Cadenas de aisladores,null,null,null,null,null,null,No,linepost ,2,null,null,null,/storage/emulated/0/Download/RegistrosExportados/JPEG_20250529_103756_3169237698099990394.jpg,,,,,,
5/29/2025 10:29,,ponyo ,kitaro -ponyo ,P-30b,4.344016,-72.724239,,P,1,Otro,14,1050,Sí,Aisladores ,1,,Sencilla,,null,null,Pin,1,1,1,0,1,0,No,1dps,2,null,null,null,/storage/emulated/0/Download/RegistrosExportados/JPEG_20250529_103238_1349948407643088194.jpg,,,,,,
5/29/2025 10:26,,ponyo ,kitaro -ponyo ,P-29b,4.344016,-72.724239,,P,1,Retención,14,1350,Sí,Grapas ,1,,Doble,,2,2,Cadenas de aisladores,null,null,null,1,0,1,No,linepost ,2,null,null,null,/storage/emulated/0/Download/RegistrosExportados/JPEG_20250529_102857_1654399956892168836.jpg,,,,,,
5/29/2025 10:21,,ponyo ,kitaro -ponyo ,P-28b,4.344016,-72.724239,,P,1,Retención,14,1350,Sí,grapas ,1,,Doble,,2,2,Cadenas de aisladores,null,null,null,null,null,null,No,linepost ,2,null,null,null,/storage/emulated/0/Download/RegistrosExportados/JPEG_20250529_102604_7536012972668764454.jpg,,,,,,
5/29/2025 10:17,,ponyo ,kitaro -ponyo ,P-27b,4.344016,-72.724239,,P,1,Otro,14,null,Sí,Aisladores ,1,,Sencilla,,null,null,Pin,1,1,1,null,null,null,No,,2,null,null,null,/storage/emulated/0/Download/RegistrosExportados/JPEG_20250529_102106_440500365156357914.jpg,,,,,,
5/29/2025 10:15,,ponyo ,kitaro -ponyo ,P-26b,4.344016,-72.724239,,P,1,Otro,14,1050,Sí,aisladores ,1,,Sencilla,,null,null,Pin,1,1,1,null,null,null,No,,2,null,null,null,/storage/emulated/0/Download/RegistrosExportados/JPEG_20250529_101704_6087013665900711442.jpg,,,,,,
5/29/2025 10:10,,kitaro ,kitaro -ponyo ,P-25b,4.344016,-72.724239,Estructura de retención con 1 dps en la fase de la mitad ,P,1,Retención,14,1350,Sí,grapas y dps ,1,,Doble,,1,null,Cadenas de aisladores,null,null,null,0,1,0,No,linepost ,2,null,null,null,/storage/emulated/0/Download/RegistrosExportados/JPEG_20250529_101500_1693593977334683380.jpg,,,,,,
5/29/2025 10:02,,kitaro ,kitaro -ponyo ,P-24b,4.344016,-72.724239,Estructura en retención con derivación en dos niveles de crucetas y 2 dps en fases de los extremos ,P,1,Retención,12,1050,Sí,grapas,null,,Doble,,1,1,Cadenas de aisladores,null,null,null,1,0,1,No,2 dps y linepost ,2,null,null,null,/storage/emulated/0/Download/RegistrosExportados/JPEG_20250529_100912_1463826280761664219.jpg,,,,,,
5/29/2025 9:59,,kitaro ,kitaro -ponyo ,P-23b,4.344016,-72.724239,,P,1,Otro,12,510,Sí,Aisladores ,1,,Sencilla,,null,null,Pin,1,1,1,null,null,null,No,,2,null,null,null,/storage/emulated/0/Download/RegistrosExportados/JPEG_20250529_100231_4114383585035613112.jpg,,,,,,
5/29/2025 9:54,,kitaro ,kitaro -ponyo ,P-22b,4.344016,-72.724239,Estructura de paso con 1 dps en la fase de la mitad (quitar dps que no va en la estructura 20b),P,1,Otro,12,510,Sí,Aisladores y dps,1,,Sencilla,,null,null,Pin,1,1,1,0,1,0,No,1 dps,2,null,null,null,/storage/emulated/0/Download/RegistrosExportados/JPEG_20250529_095823_9132705476917176778.jpg,,,,,,
5/29/2025 9:50,,kitaro ,kitaro -ponyo ,P-21b,4.344016,-72.724239,Estructura de paso con cruceta superior con 2 dps,P,1,Otro,12,510,Sí,Aisladores ,1,1,Sencilla,,null,null,Pin,1,1,1,1,0,1,No,,2,null,null,null,/storage/emulated/0/Download/RegistrosExportados/JPEG_20250529_095413_5060998276320219061.jpg,,,,,,
5/29/2025 9:45,,kitaro ,kitaro -ponyo ,P-20b,4.344016,-72.724239,Estructura en retención con cadena de aisladores de 7 discos en fase de la mitad y 1 dps,P,1,Retención,12,1050,Sí,Grapas ,1,,Doble,,2,null,Cadenas de aisladores,null,null,null,0,1,0,No,linepost y 1 dps,2,null,null,null,/storage/emulated/0/Download/RegistrosExportados/JPEG_20250529_094858_1121545397108757117.jpg,,,,,,
5/29/2025 9:41,,kitaro ,kitaro -ponyo ,P-019b,4.344016,-72.724239,,P,1,Otro,12,510,Sí,Aisladores ,1,,Sencilla,,null,null,Pin,1,1,1,null,null,null,No,,2,null,null,null,/storage/emulated/0/Download/RegistrosExportados/JPEG_20250529_094416_7562873366769988161.jpg,,,,,,
5/29/2025 9:38,,kitaro ,kitaro -ponyo ,P-18b,4.344016,-72.724239,Estructura de paso ,P,1,Otro,12,510,Sí,Aisladores ,1,,Sencilla,,null,null,Pin,1,1,1,null,null,null,No,,2,null,null,null,/storage/emulated/0/Download/RegistrosExportados/JPEG_20250529_094117_6866115209231656029.jpg,,,,,,
5/29/2025 9:33,,kitaro ,kitaro -ponyo ,P-17b1,4.344016,-72.724239,Estructura de paso con 1 dps,P,12,Otro,12,1050,Sí,,null,,Sencilla,,null,null,Aislador,1,1,1,0,1,0,No,1 dps,2,null,null,null,/storage/emulated/0/Download/RegistrosExportados/JPEG_20250529_093709_4049766190504539419.jpg,,,,,,
5/29/2025 9:28,,kitaro ,kitaro -ponyo ,P-17b,4.341448,-72.7165725,Estructura en retención con cadena de aisladores de 7 discos en circuito de la mitad y 2 dps en fases externas ,P,1,Retención,12,1050,Sí,grapas y dps ,1,1,Doble,Bayonetas cortas ,3,3,Cadenas de aisladores,null,null,null,2,0,2,No,linepost y 2 dps,2,null,null,null,/storage/emulated/0/Download/RegistrosExportados/JPEG_20250529_093236_4069446730928445085.jpg,,,,,,
5/29/2025 9:25,,kitaro ,kitaro -ponyo ,P-16b,4.341448,-72.7165725,,P,1,Otro,12,510,Sí,Aisladores ,1,,Sencilla,,null,null,Aislador,1,1,1,null,null,null,No,,2,null,null,null,/storage/emulated/0/Download/RegistrosExportados/JPEG_20250529_092809_2440575202835686927.jpg,,,,,,
5/29/2025 9:23,,kitaro ,kitaro -ponyo ,P-15b,4.341448,-72.7165725,Estructura de paso ,P,1,Otro,12,510,Sí,Aisladores ,1,,Sencilla,,null,null,Pin,1,1,1,null,null,null,No,,2,null,null,null,/storage/emulated/0/Download/RegistrosExportados/JPEG_20250529_092508_9165801710102767758.jpg,,,,,,
5/29/2025 9:18,,kitaro ,kitaro -ponyo ,P-014b,4.341448,-72.7165725,Estructura en retención con cadena de aisladores de 7 discos y 1 dps en fase de la mitad ,P,1,Retención,12,1050,Sí,grapas y dps ,1,,Doble,,2,2,Cadenas de aisladores,null,null,null,0,1,0,No,1 dps y 1 linepost ,2,null,null,null,/storage/emulated/0/Download/RegistrosExportados/JPEG_20250529_092248_7598198883787140631.jpg,,,,,,
5/29/2025 9:14,,kitaro ,kitaro -ponyo ,P-13b,4.341448,-72.7165725,Estructura de paso con 2 dps en cruceta superior ,P,1,Otro,12,510,Sí,Aisladores ,1,1,Sencilla,,null,null,Pin,1,1,1,1,0,1,No,2 dps,2,null,null,null,/storage/emulated/0/Download/RegistrosExportados/JPEG_20250529_091809_1495094679298722573.jpg,,,,,,
5/29/2025 9:12,,kitaro ,kitaro -ponyo ,P-12b,4.341448,-72.7165725,,P,1,Otro,12,510,Sí,Aisladores ,1,,Sencilla,,null,null,Pin,1,1,1,null,null,null,No,,2,null,null,null,/storage/emulated/0/Download/RegistrosExportados/JPEG_20250529_091424_875324357609026273.jpg,,,,,,
5/29/2025 9:09,,kitaro ,kitaro -ponyo ,P-11b,4.341448,-72.7165725,,P,1,Otro,12,510,Sí,Aisladores ,1,,Sencilla,,null,null,Pin,1,1,1,null,null,null,No,,2,null,null,null,/storage/emulated/0/Download/RegistrosExportados/JPEG_20250529_091212_7306467952059872719.jpg,,,,,,
5/29/2025 9:04,,kitaro ,kitaro -ponyo ,P-10b,4.341448,-72.7165725,Estructura en retención con cadena de aisladores de la fase de la mitad con 7 discos y un dps en esta fase,P,1,Retención,12,1050,Sí,Grapas y crucetas,1,,Doble,,2,2,Cadenas de aisladores,null,null,null,0,1,0,No,Linepost y 1 Dps,2,null,null,null,/storage/emulated/0/Download/RegistrosExportados/JPEG_20250529_090911_7922809737620471129.jpg,,,,,,
5/29/2025 9:01,,kitaro ,kitaro -ponyo ,P-09b,,,Estructura de paso con cruceta superior para 2 dps,P,1,Otro,12,null,Sí,aisladores ,1,1,Sencilla,,null,null,Pin,1,1,1,1,0,1,No,2 dps,2,null,null,null,/storage/emulated/0/Download/RegistrosExportados/JPEG_20250529_090424_420813823240507106.jpg,,,,,,
5/29/2025 8:58,,kitaro ,kitaro -ponyo ,P-08b,4.3401556,-72.7176487,,P,1,Otro,12,null,Sí,Aisladores ,1,,Sencilla,,null,null,Pin,1,1,1,null,null,null,No,,2,null,null,null,/storage/emulated/0/Download/RegistrosExportados/JPEG_20250529_090113_6405176172124177016.jpg,,,,,,
5/29/2025 8:54,,kitaro ,kitaro -ponyo ,P-07b,4.3401556,-72.7176487,Estructura de paso con doble aislador por fase,P,1,Otro,12,510,Sí,aisladores ,1,,Doble,,1,1,Aislador,null,null,null,null,null,null,No,,2,null,null,null,/storage/emulated/0/Download/RegistrosExportados/JPEG_20250529_085845_1855586917578367899.jpg,,,,,,
5/29/2025 8:41,,kitaro ,kitaro -ponyo ,P-06b,,,Estructura con doble circuito, uno actual (a desmantelar) en configuración retención con derivación a doble cruceta horizontal y el proyectado en retención triangular,P,1,Retención,14,1350,Sí,Actual grapas y nuevo grapas, crucetas y templete ,1,2,Doble,,3,null,Aislador,null,null,null,0,1,0,No,1 dps y linepost ,2,null,null,null,/storage/emulated/0/Download/RegistrosExportados/JPEG_20250529_085427_9203650473144565454.jpg,,,,
5/29/2025 8:38,,kitaro ,kitaro -ponyo ,P-05b nuevo ,,,,P,1,Retención,null,null,Sí,grapas ,null,1,Doble,,2,2,Aislador,null,null,null,null,null,null,No,linepost ,2,null,null,null,/storage/emulated/0/Download/RegistrosExportados/JPEG_20250529_084059_3768080827611820766.jpg,,,,,,
5/29/2025 8:29,,kitaro ,kitaro -ponyo ,P-05b,,,poste a desmantelar - actual circuito kitaro -ponyo, retención en d,,,,,,,,,,,,,,,,,,,,,,,,,,,,,,,,
os niveles de crucetas ,P,1,Retención,14,1350,Sí,grapas y dps ,1,1,Doble,,2,2,Cadenas de aisladores,null,null,null,1,0,1,No,linepost y dps ,2,null,null,null,/storage/emulated/0/Download/RegistrosExportados/JPEG_20250529_083757_6901034154724490098.jpg,,,,,,,,,,,,,
5/29/2025 8:15,,kitaro ,kitaro -ponyo ,P-04b,4.3410379,-72.7159764,Estructura que cuenta con 2 circuitos, uno de la red actual kitaro -ponyo  con doble aislador (a desmantelar) y el que quedará en la conexión con el pórtico R9,P,1,Otro,14,null,Sí,Circuito actual aisladores y circuito futuro grapas y crucetas ,1,1,Doble,,1,1,Aislador,null,null,null,null,null,null,No,,2,null,null,null,/storage/emulated/0/Download/RegistrosExportados/JPEG_20250529_082805_4132922653516602039.jpg,,,,,
5/29/2025 8:10,,kitaro ,kitaro -ponyo ,P-03b,4.3413316,-72.7162554,Estructura de paso con doble aislador por fase,P,1,Otro,14,1050,Sí,aisladores ,1,,Doble,,1,1,Aislador,2,2,2,null,null,null,No,,2,null,null,null,/storage/emulated/0/Download/RegistrosExportados/JPEG_20250529_081505_1173758018372641748.jpg,,,,,,
5/28/2025 17:09,,,,,,,,P,null,Retención,null,null,No,,null,,Sencilla,,null,null,Aislador,null,null,null,null,null,null,No,,null,null,null,null,,,,,,,
5/28/2025 17:04,,Bacano ,Bacano -R4 ,P-013,4.3582139,-72.7586694,Estructura en retención con cadena de aisladores de 7 discos en fase de la mitad, las 3 fases sobre la misma cruceta y solo 2 fases con dps ,P,1,Retención,14,1050,Sí,Grapas y dps ,1,,Doble,,2,null,Cadenas de aisladores,null,null,null,1,0,1,No,linepost y dps,2,null,null,null,/storage/emulated/0/Download/RegistrosExportados/JPEG_20250528_170823_2128603445612135102.jpg,,,,,
5/28/2025 17:01,,Bacano ,Bacano -R4 ,P-012,4.3582139,-72.7586694,Estructura de paso con cruceta superior con cadena de aisladores en suspensión sin uso evidente ,P,1,Otro,14,null,Sí,Aisladores ,2,,Sencilla,,null,null,Pin,1,1,1,null,null,null,No,Linepost ,2,null,null,null,/storage/emulated/0/Download/RegistrosExportados/JPEG_20250528_170355_8410039007185214752.jpg,,,,,,
5/28/2025 16:58,,Bacano ,Bacano -R4 ,P-011,4.3582139,-72.7586694,Estructura de paso con cruceta superior con cadena de aisladores en suspensión sin uso evidente ,P,1,Otro,14,null,Sí,Aisladores ,2,,Sencilla,,null,null,Pin,1,1,1,null,null,null,No,Cadena de aisladores en suspensión sin uso evidente ,2,null,null,null,/storage/emulated/0/Download/RegistrosExportados/JPEG_20250528_170101_1694309715662597609.jpg,,,,,,
5/28/2025 16:54,,Bacano ,Bacano -R4 ,P-010,4.3582139,-72.7586694,Estructura de paso con cruceta superior con cadena de aisladores en suspensión sin uso evidente ,P,1,Otro,14,null,Sí,aisladores ,2,,Sencilla,,null,null,Pin,1,1,1,null,null,null,No,Cadena de aisladores en suspensión sin uso evidente ,2,null,null,null,/storage/emulated/0/Download/RegistrosExportados/JPEG_20250528_165740_6250787727433569341.jpg,,,,,,
5/28/2025 16:49,,Bacano ,Bacano -R4 ,P-009,4.3582139,-72.7586694,Estructura en retención con cadena de aisladores de 7 discos en fase de la mitad y linepost para el puente, 2 dps en fases externas ,P,1,Retención,14,null,Sí,Grapas y Dps,1,,Doble,,2,2,Cadenas de aisladores,1,1,1,1,0,1,No,linepost y dps,2,null,null,null,/storage/emulated/0/Download/RegistrosExportados/JPEG_20250528_165427_2826518289468577966.jpg,,,,,
5/28/2025 16:46,,Bacano ,Bacano -R4 ,P-008,4.3582139,-72.7586694,Estructura de paso con cruceta superior con cadena de aisladores en suspensión sin uso evidente ,P,1,Otro,14,null,Sí,Aisladores ,2,,Sencilla,1,null,null,Pin,1,1,1,null,null,null,No,linepost ,2,null,null,null,/storage/emulated/0/Download/RegistrosExportados/JPEG_20250528_164918_6282252381538445734.jpg,,,,,,
5/28/2025 16:43,,Bacano ,Bacano -R4 ,P-007,4.3582139,-72.7586694,Estructura de paso con cruceta superior con cadena de aisladores en suspensión sin uso o aplicación evidente ,P,1,Otro,14,null,Sí,Aisladores ,2,,Sencilla,,null,null,Pin,1,1,1,null,null,null,No,Cadena de aisladores en suspensión sin uso ,2,null,null,null,/storage/emulated/0/Download/RegistrosExportados/JPEG_20250528_164617_1649074274565966193.jpg,,,,,,
5/28/2025 16:37,,Bacano ,Bacano -R4 ,P-006,4.3582139,-72.7586694,Estructura de paso con cruceta superior con cadena de aisladores en suspensión sin uso,P,1,Otro,14,null,Sí,Aisladores ,2,,Sencilla,Cruceta superior con cadena de aisladores en suspensión sin uso ,null,null,Pin,1,1,1,null,null,null,No,Cadena de aisladores en suspensión sin uso ,2,null,null,null,/storage/emulated/0/Download/RegistrosExportados/JPEG_20250528_164300_4867799926174630816.jpg,,,,,,
5/28/2025 16:29,,Bacano ,Bacano -R4 ,P-005,4.3582139,-72.7586694,Retención en una sola cruceta horizontal con cadena del medio con 7 discos y puente con linepost,P,1,Retención,14,null,Sí,Grapas,1,,Doble,,2,2,Cadenas de aisladores,null,null,null,1,1,1,No,linepost, cadena de 7 discos en fase del medio y dps,2,null,null,null,/storage/emulated/0/Download/RegistrosExportados/JPEG_20250528_163701_318706191250186309.jpg,,,,,
5/28/2025 16:24,,Bacano ,Bacano -R4 ,P-004,4.3582139,-72.7586694,Estructura de paso con doble aislador, Cruceta superior con cadena de aisladores en suspensión, sin uso evidente,P,1,Otro,14,1050,Sí,Aisladores y linepost ,1,1,Sencilla,,null,null,Pin,2,2,2,null,null,null,No,1 linepost ,2,null,null,null,/storage/emulated/0/Download/RegistrosExportados/JPEG_20250528_162850_8679471016818546172.jpg,,,,
5/28/2025 16:19,,Bacano ,Bacano -R4 ,P-0003,4.3582139,-72.7586694,Cruceta superior con un aislador en suspensión sin uso evidentemente ,P,1,Otro,null,null,Sí,Aisladores y linepost,1,1,Sencilla,1,null,null,Pin,1,1,1,null,null,null,No,1 línea post y 1 cadena en suspensión ,2,null,null,null,/storage/emulated/0/Download/RegistrosExportados/JPEG_20250528_162408_760935741705181431.jpg,,,,,,
5/28/2025 15:47,,Bacano,Bacano -R4,P-002,4.3582139,-72.7586694,Terminal con seccionadores monopolares y subterraniza, aisladores sobre una cruceta ,P,1,Otro,14,1050,Sí,grapas y dps,1,2,Doble,,1,1,Cadenas de aisladores,null,null,null,1,1,1,Sí,seccionadores monopolares ,2,null,null,null,/storage/emulated/0/Download/RegistrosExportados/JPEG_20250528_161922_4843802967979060729.jpg,,,,,
5/28/2025 15:46,,Akira ,Akira -Akira Noreste ,-28c,4.3479548,-72.7127466,28c y 29c juntos ,P,1,Retención,14,null,Sí,grapas ,1,1,Doble,,1,null,Aislador,null,null,null,null,null,null,No,,2,null,null,null,/storage/emulated/0/Download/RegistrosExportados/JPEG_20250528_154717_2235362641970941477.jpg,,,,,,
5/28/2025 15:38,Akira ,Akira ,Akira -Akira Noreste ,p-29c,4.3479548,-72.7127466,postes 28c y 29c juntos en retención canadiense, 29c con dps,P,1,Retención,14,null,Sí,grapas ,1,1,Doble,,1,null,Aislador,null,null,null,1,1,1,No,dps,2,null,null,null,/storage/emulated/0/Download/RegistrosExportados/JPEG_20250528_154122_7819524402808437999.jpg,,,,,
5/28/2025 15:34,,Akira ,Akira -Akira Noreste ,p-31c,,,suspensión canadiense ,P,1,Suspensión,14,null,No,,1,1,Sencilla,,null,null,Aislador,null,null,null,null,null,null,No,,2,null,null,null,/storage/emulated/0/Download/RegistrosExportados/JPEG_20250528_153738_3438557482732994009.jpg,,,,,,
5/28/2025 15:32,,Akira ,Akira -Akira Noreste ,p-31c,4.3479548,-72.7127466,suspensión canadiense ,P,1,Suspensión,14,null,No,,1,1,Sencilla,,null,null,Aislador,null,null,null,null,null,null,No,,2,null,null,null,/storage/emulated/0/Download/RegistrosExportados/JPEG_20250528_153350_872321430646842312.jpg,,,,,,
5/28/2025 15:24,,Akira ,Akira -Akira Noreste ,p-32c,4.3479548,-72.7127466,retención canadiense ,P,1,Retención,14,null,Sí,grapas ,1,1,Doble,,1,1,Aislador,null,null,null,null,null,null,No,,2,null,null,null,/storage/emulated/0/Download/RegistrosExportados/JPEG_20250528_153144_6751221877868008008.jpg,,,,,,
5/28/2025 15:22,,Akira ,Akira -Akira Noreste ,P-333c,4.3479548,-72.7127466,pullover con aisladores de 8 campanas ,P,1,Pullover,14,null,Sí,grapas y puentes ,null,,Doble,,1,1,Aislador,null,null,null,null,null,null,No,,2,null,null,null,/storage/emulated/0/Download/RegistrosExportados/JPEG_20250528_152430_6574704327574735840.jpg,,,,,,
5/28/2025 15:17,,Akira Noreste,Akira -Akira Noreste ,P-34c,4.3479548,-72.7127466,terminal con derivación para subterranizar, con seccionadores monopolares y premoldeados , sin templete por vano flojo,P,1,Otro,14,1050,Sí,grapas y crucetas ,1,2,Doble,bayonetas cortas ,null,null,Aislador,null,null,null,1,1,1,Sí,seccionadores monopolares y dps,2,null,null,null,/storage/emulated/0/Download/RegistrosExportados/JPEG_20250528_152226_1400267481695363927.jpg,,,,
5/28/2025 14:48,,Akira ,Akira -Akira Noreste ,p-04c,4.3480483,-72.7130503,Retención canadiense con dps,P,1,Retención,14,null,Sí,grapas y dps ,1,1,Doble,bayonetas cortas,2,2,Aislador,null,null,null,1,1,1,No,dps,2,null,null,null,/storage/emulated/0/Download/RegistrosExportados/JPEG_20250528_145213_4459864942990581006.jpg,,,,,,
5/28/2025 14:46,,Akira ,Akira -Akira Noreste ,p-03c,4.3480483,-72.7130503,suspensión canadiense ,P,1,Suspensión,14,1050,No,,1,r,Sencilla,,null,null,Aislador,null,null,null,null,null,null,No,,2,null,null,null,/storage/emulated/0/Download/RegistrosExportados/JPEG_20250528_144815_2514008042753954794.jpg,,,,,,
5/28/2025 14:42,,Akira ,Akira -Akira Noreste,p-02c,4.3413863,-72.715766,poste con dos seccionadores monopolares, 1 reconectador, aisladores de 8 campanas. cinco niveles de crucetas para aisladores y equipos ,P,1,Otro,14,null,Sí,grapas y crucetas,4,1,Doble,,1,1,Aislador,null,null,null,1,1,1,Sí,linepost,2,null,null,null,/storage/emulated/0/Download/RegistrosExportados/JPEG_20250528_144607_7378717099806727679.jpg,,,,
5/28/2025 14:28,,Akira ,kitaro -akira ,p-01c,4.3413863,-72.715766,conexión pórtico y cruceta red Akira  estructura retención y derivación a pórtico , con cadenas de aisladores y aisladores de campana ,P,1,Retención,14,1050,Sí,grapas ,1,1,Doble,,null,null,Otro,null,null,null,null,null,null,No,linepost ,2,null,null,null,/storage/emulated/0/Download/RegistrosExportados/JPEG_20250528_143230_1625826464926257976.jpg,,,,,
5/28/2025 14:21,,Akira ,kitaro -akira ,p-15a,4.3413863,-72.715766,retención triangular sobre una cruceta ,P,1,Retención,14,1050,Sí,grapas y puente ,1,,Doble,,null,null,Cadenas de aisladores,null,null,null,null,null,null,No,,2,null,null,null,/storage/emulated/0/Download/RegistrosExportados/JPEG_20250528_142146_3078445170702810460.jpg,,,,,,
5/28/2025 14:07,,Akira ,kitaro -akira ,p-14a,4.3413863,-72.715766,retención - derivación ,P,1,Retención,14,1050,Sí,grapas y puentes,1,1,Doble,,null,null,Cadenas de aisladores,null,null,null,null,null,null,No,linepost ,2,null,null,null,/storage/emulated/0/Download/RegistrosExportados/JPEG_20250528_141421_8441529517748599261.jpg,,,,,,
5/28/2025 14:01,,Akira ,kitaro -akira ,p-13a,4.3413863,-72.715766,retención - derivación ,P,1,Retención,14,1050,Sí,grapas y puente ,1,1,Doble,,2,2,Cadenas de aisladores,null,null,null,null,null,null,No,linepost ,2,null,null,null,/storage/emulated/0/Download/RegistrosExportados/JPEG_20250528_140655_9023775544718087335.jpg,,,,,,
5/28/2025 13:57,,kitaro ,kitaro -akira ,p-12a,4.3413863,-72.715766,paso con dps ,P,1,Otro,12,null,Sí,aisladores y dps ,1,1,Sencilla,,null,null,Pin,1,1,1,1,1,1,No,,2,null,null,null,/storage/emulated/0/Download/RegistrosExportados/JPEG_20250528_140135_7255680371417658505.jpg,,,,,,
5/28/2025 13:53,,kitaro ,kitaro -akira ,p-11a,4.3413863,-72.715766,retención con derivación en 2 cruceta ,P,1,Retención,12,null,Sí,grapas y puente ,1,1,Doble,,2,2,Cadenas de aisladores,null,null,null,null,null,null,No,linepost,2,null,null,null,/storage/emulated/0/Download/RegistrosExportados/JPEG_20250528_135654_6234945261888464376.jpg,,,,,,
5/28/2025 13:49,,kitaro ,kitaro -akira ,p-10a,4.3413863,-72.715766,paso con dps,P,1,Otro,12,null,Sí,aisladores y dps ,1,1,Sencilla,,null,null,Pin,1,1,1,1,1,1,No,dps,2,null,null,null,/storage/emulated/0/Download/RegistrosExportados/JPEG_20250528_135305_4804356473429189327.jpg,,,,,,
5/28/2025 13:45,,kitaro ,kitaro -akira ,p-09a,4.3413863,-72.715766,estructura de paso ,P,1,Otro,12,null,Sí,aisladores ,1,,Sencilla,,null,null,Pin,1,1,1,null,null,null,No,,2,null,null,null,/storage/emulated/0/Download/RegistrosExportados/JPEG_20250528_134937_1306174219385860639.jpg,,,,,,
5/28/2025 13:38,,kitaro ,kitaro -akira ,p-08a,4.3413863,-72.715766,retención en una sola cruceta 1 cruceta corta para dos inferior ,P,1,Retención,12,null,Sí,grapas y dps,1,1,Sencilla,,2,2,Cadenas de aisladores,null,null,null,1,1,1,No,linpost,2,null,null,null,/storage/emulated/0/Download/RegistrosExportados/JPEG_20250528_134450_6900671878573523490.jpg,,,,,,
5/28/2025 13:35,,kitaro ,kitaro -akira ,p-07a,4.3413863,-72.715766,estructura de paso ,P,1,Otro,12,null,Sí,aisladores ,1,,Sencilla,,null,null,Pin,null,null,null,null,null,null,No,,2,null,null,null,/storage/emulated/0/Download/RegistrosExportados/JPEG_20250528_133819_346441777399950506.jpg,,,,,,
5/28/2025 13:28,,kitaro ,kitaro -akira ,p-06a,4.3413863,-72.715766,poste derivación subterráneo a Akira central ,P,1,Otro,12,null,Sí,aisladores   ,1,2,Sencilla,estructura sin dps para transición ,null,null,Aislador,null,null,null,null,null,null,Sí,premoldeados ,2,null,null,null,/storage/emulated/0/Download/RegistrosExportados/JPEG_20250528_133444_822183172824708472.jpg,,,,,,
5/28/2025 13:23,,kitaro ,kitaro -akira ,p05-a,4.3413863,-72.715766,estructura de paso ,P,1,Otro,null,null,Sí,dps y aisladores ,1,1,Sencilla,,null,null,Pin,null,null,null,1,1,1,No,,2,null,null,null,/storage/emulated/0/Download/RegistrosExportados/JPEG_20250528_132744_3122404542977844572.jpg,,,,,,
5/28/2025 13:22,,kitaro ,kitaro -akira ,p-04b,4.3413863,-72.715766,estructura en derivación ,P,1,Otro,12,null,Sí,grapas y puente ,1,1,Doble,,2,null,Cadenas de aisladores,null,null,null,null,null,null,No,linepost,2,null,null,null,/storage/emulated/0/Download/RegistrosExportados/JPEG_20250528_132312_7772683813862577315.jpg,,,,,,
5/28/2025 13:14,,kitaro ,kitaro -akira ,p-03a,4.3413863,-72.715766,estructura paso - usar suspensión ,P,1,Otro,null,null,Sí,dps _ aisladores ,1,1,Sencilla,crucetas horizontales,null,null,Pin,null,null,null,1,1,1,No,,2,null,null,null,/storage/emulated/0/Download/RegistrosExportados/JPEG_20250528_131821_1178555729178656156.jpg,,,,,,
5/28/2025 13:02,,kitaro ,kitaro -akira norte,p-02a,4.3413863,-72.715766,derivación con cruceta superior más larga,P,1,Retención,null,null,Sí,grapas pistola ,1,1,Doble,cambiar por pullover,3,null,Cadenas de aisladores,null,null,null,null,null,null,No,linepost,2,null,null,null,/storage/emulated/0/Download/RegistrosExportados/JPEG_20250528_130806_4610662669972760949.jpg,,,,,,
5/28/2025 12:55,kitaro,kitaro,kitaro- ponyo,p-02b,4.3417068,-72.7465409,doble cruceta para derivar,P,1,Retención,null,null,Sí,grapas,2,1,Doble,cruceta superior sin uso ,2,null,Cadenas de aisladores,null,null,null,null,null,null,No,linepost,1,null,null,null,/storage/emulated/0/Download/RegistrosExportados/JPEG_20250528_130232_888266786248999095.jpg,,,,,,
5/28/2025 12:45,,kitaro ,kitaro -ponyo,p-01b,4.3417068,-72.7465409,conexión pórtico ,P,1,Retención,14,420,Sí,aisladores y 1 puente medio ,1,1,Doble,,1,1,Cadenas de aisladores,1,1,1,null,null,null,Sí,linepost,2,null,null,null,/storage/emulated/0/Download/RegistrosExportados/JPEG_20250528_124837_6363001702591021817.jpg,,,,,,
5/28/2025 12:33,,kitaro,pórtico kitaro,,4.3417068,-72.7465409,,P,null,Retención,null,null,No,,null,,Sencilla,,null,null,Aislador,null,null,null,null,null,null,No,,null,null,null,null,/storage/emulated/0/Download/RegistrosExportados/JPEG_20250528_123354_3478051974247572647.jpg,,,,,,
5/27/2025 15:04,1,2,3,4,4.6445606,-74.0574855,hola mundo,P,6,Retención,7,8,Sí,hola,9,10,Sencilla,11,12,13,Aislador,14,15,16,17,18,19,Sí,20,21,22,23,24,/storage/emulated/0/Download/RegistrosExportados/JPEG_20250527_150655_2207289653470597362.jpg;/storage/emulated/0/Download/RegistrosExportados/IMG_20250527_150713_0.jpg;/storage/emulated/0/Download/RegistrosExportados/IMG_20250527_150713_1.jpg,,,,,,
